<?xml version='1.0' encoding='UTF-8'?>
<faces-config xmlns="http://java.sun.com/xml/ns/javaee"
              xmlns:xsi="http://www.w3.org/2001/XMLSchema-instance"
              xsi:schemaLocation="http://java.sun.com/xml/ns/javaee
              http://java.sun.com/xml/ns/javaee/web-facesconfig_2_0.xsd"
              version="2.0">

    <navigation-rule>
        <from-view-id>/movies/createMovie.xhtml</from-view-id>
        <navigation-case>
            <from-outcome>index</from-outcome>
            <to-view-id>index.xhtml</to-view-id>
        </navigation-case>
    </navigation-rule>
    <navigation-rule>
        <from-view-id>/movies/searchMovie.xhtml</from-view-id>
        <navigation-case>
            <from-outcome>index</from-outcome>
            <to-view-id>index.xhtml</to-view-id>
        </navigation-case>
    </navigation-rule>
    <navigation-rule>
        <from-view-id>/movies/movie.xhtml</from-view-id>
        <navigation-case>
            <from-outcome>index</from-outcome>
            <to-view-id>index.xhtml</to-view-id>
        </navigation-case>
    </navigation-rule>
    <navigation-rule>
        <from-view-id>/movies/stockMovie.xhtml</from-view-id>
        <navigation-case>
            <from-outcome>index</from-outcome>
            <to-view-id>index.xhtml</to-view-id>
        </navigation-case>
    </navigation-rule>
    <navigation-rule>
        <from-view-id>/games/listGames.xhtml</from-view-id>
        <navigation-case>
            <from-outcome>index</from-outcome>
            <to-view-id>index.xhtml</to-view-id>
        </navigation-case>
    </navigation-rule>
    <navigation-rule>
        <from-view-id>/games/game.xhtml</from-view-id>
        <navigation-case>
            <from-outcome>index</from-outcome>
            <to-view-id>index.xhtml</to-view-id>
        </navigation-case>
    </navigation-rule>
    <navigation-rule>
        <from-view-id>/games/searchGame.xhtml</from-view-id>
        <navigation-case>
            <from-outcome>index</from-outcome>
            <to-view-id>index.xhtml</to-view-id>
        </navigation-case>
    </navigation-rule>
    <navigation-rule>
        <from-view-id>/games/createGame.xhtml</from-view-id>
        <navigation-case>
            <from-outcome>index</from-outcome>
            <to-view-id>index.xhtml</to-view-id>
        </navigation-case>
    </navigation-rule>
    <navigation-rule>
        <from-view-id>/customer/createCustomer.xhtml</from-view-id>
        <navigation-case>
            <from-outcome>index</from-outcome>
            <to-view-id>index.xhtml</to-view-id>
        </navigation-case>
    </navigation-rule>
     <navigation-rule>
        <from-view-id>/customer/customerDetail.xhtml</from-view-id>
        <navigation-case>
            <from-outcome>index</from-outcome>
            <to-view-id>index.xhtml</to-view-id>
        </navigation-case>
    </navigation-rule>
       <navigation-rule>
        <from-view-id>/customer/listCustomers.xhtml</from-view-id>
        <navigation-case>
            <from-outcome>index</from-outcome>
            <to-view-id>index.xhtml</to-view-id>
        </navigation-case>
    </navigation-rule>
    
     <navigation-rule>
        <from-view-id>/customer/customer.xhtml</from-view-id>
        <navigation-case>
            <from-outcome>index</from-outcome>
            <to-view-id>index.xhtml</to-view-id>
        </navigation-case>
    </navigation-rule>
      <navigation-rule>
        <from-view-id>/customer/searchCustomer.xhtml</from-view-id>
        <navigation-case>
            <from-outcome>index</from-outcome>
            <to-view-id>index.xhtml</to-view-id>
        </navigation-case>
    </navigation-rule>
       <navigation-rule>
        <from-view-id>/order/createOrder.xhtml</from-view-id>
        <navigation-case>
            <from-outcome>index</from-outcome>
            <to-view-id>index.xhtml</to-view-id>
        </navigation-case>
    </navigation-rule>
     <navigation-rule>
        <from-view-id>/order/listOrder.xhtml</from-view-id>
        <navigation-case>
            <from-outcome>index</from-outcome>
            <to-view-id>index.xhtml</to-view-id>
        </navigation-case>
    </navigation-rule>
    <navigation-rule>
        <from-view-id>/order/searchOrder.xhtml</from-view-id>
        <navigation-case>
            <from-outcome>index</from-outcome>
            <to-view-id>index.xhtml</to-view-id>
        </navigation-case>
    </navigation-rule>
     <navigation-rule>
        <from-view-id>/order/order.xhtml</from-view-id>
        <navigation-case>
            <from-outcome>index</from-outcome>
            <to-view-id>index.xhtml</to-view-id>
        </navigation-case>
    </navigation-rule>
      <navigation-rule>
        <from-view-id>/order/listOrder.xhtml</from-view-id>
        <navigation-case>
            <from-outcome>customer.xhtml</from-outcome>
            <to-view-id>/customer/customer.xhtml</to-view-id>
        </navigation-case>
    </navigation-rule>
    <navigation-rule>
        <from-view-id>/order/listOrder.xhtml</from-view-id>
        <navigation-case>
            <from-outcome>movie.xhtml</from-outcome>
            <to-view-id>/movies/movie.xhtml</to-view-id>
        </navigation-case>
    </navigation-rule>
     <navigation-rule>
        <from-view-id>/order/listOrder.xhtml</from-view-id>
        <navigation-case>
            <from-outcome>customerDetail.xhtml</from-outcome>
            <to-view-id>/customer/customerDetail.xhtml</to-view-id>
        </navigation-case>
    </navigation-rule>
     <navigation-rule>
        <from-view-id>/order/listOrder.xhtml</from-view-id>
        <navigation-case>
            <from-outcome>game.xhtml</from-outcome>
            <to-view-id>/games/game.xhtml</to-view-id>
        </navigation-case>
    </navigation-rule>
</faces-config>
